{
  "swagger" : "2.0",
  "info" : {
    "version" : "1.0",
    "title" : "retrieve order and order items",
    "description" : "retrieve order and order items"
  },
  "host" : "localhost:8081",
  "basePath" : "/",
  "schemes" : [ "http" ],
  "paths" : {
    "/order/{order_id}" : {
      "get" : {
        "summary" : "",
        "description" : "",
        "operationId" : "get-order",
        "consumes" : [ "application/json" ],
        "produces" : [ "application/json" ],
        "parameters" : [ {
          "name" : "order_id",
          "in" : "path",
          "description" : "",
          "type" : "string",
          "required" : true
        } ],
        "responses" : {
          "200" : {
            "description" : "a Order to be returned",
            "schema" : {
              "$ref" : "#/definitions/Order"
            }
          }
        }
      }
    }
  },
  "definitions" : {
    "Order" : {
      "type" : "object",
      "required" : [ "date", "paymentreceipt", "orderid", "total_amount", "rid", "username", "status" ],
      "properties" : {
        "orderid" : {
          "type" : "integer"
        },
        "username" : {
          "type" : "string"
        },
        "rid" : {
          "type" : "integer"
        },
        "date" : {
          "type" : "string"
        },
        "status" : {
          "type" : "string"
        },
        "paymentreceipt" : {
          "type" : "string"
        },
        "total_amount" : {
          "type" : "integer"
        },
        "order_items" : {
          "type" : "array",
          "items" : {
            "$ref" : "#/definitions/order_items",
            "uniqueItems" : false
          }
        }
      }
    },
    "order_items" : {
      "type" : "object",
      "required" : [ "fid", "quantity" ],
      "properties" : {
        "fid" : {
          "type" : "integer"
        },
        "quantity" : {
          "type" : "integer"
        }
      }
    }
  }
}