{
  "swagger" : "2.0",
  "info" : {
    "version" : "1.0",
    "title" : "Summary about the new REST service.",
    "description" : "Summary about the new REST service."
  },
  "host" : "localhost:8080",
  "basePath" : "/",
  "schemes" : [ "http" ],
  "paths" : {
    "/menu/{rid}" : {
      "get" : {
        "summary" : "",
        "description" : "",
        "operationId" : "get-menu",
        "consumes" : [ "application/json" ],
        "produces" : [ "application/json" ],
        "parameters" : [ {
          "name" : "rid",
          "in" : "path",
          "description" : "",
          "type" : "string",
          "required" : true
        } ],
        "responses" : {
          "200" : {
            "description" : "a menu_list to be returned",
            "schema" : {
              "$ref" : "#/definitions/menu_list"
            }
          }
        }
      }
    },
    "/restaurants/{origin}&{apikey}" : {
      "get" : {
        "summary" : "",
        "description" : "",
        "operationId" : "get-restaurants",
        "consumes" : [ "application/json" ],
        "produces" : [ "application/json" ],
        "parameters" : [ {
          "name" : "apikey",
          "in" : "path",
          "description" : "",
          "type" : "string",
          "required" : true
        }, {
          "name" : "origin",
          "in" : "path",
          "description" : "",
          "type" : "string",
          "required" : true
        } ],
        "responses" : {
          "200" : {
            "description" : "a restaurants_list to be returned",
            "schema" : {
              "$ref" : "#/definitions/restaurants_list"
            }
          }
        }
      }
    },
    "/restaurant" : {
      "get" : {
        "summary" : "",
        "description" : "",
        "operationId" : "get-restaurantrid",
        "consumes" : [ "application/json" ],
        "produces" : [ "application/json" ],
        "parameters" : [ {
          "name" : "rid",
          "in" : "query",
          "description" : "",
          "type" : "string",
          "required" : true
        } ],
        "responses" : {
          "200" : {
            "description" : "a restaurantbyid to be returned",
            "schema" : {
              "$ref" : "#/definitions/restaurantbyid"
            }
          }
        }
      }
    },
    "/menuitem" : {
      "get" : {
        "summary" : "",
        "description" : "",
        "operationId" : "get-menuitemridfid",
        "consumes" : [ "application/json" ],
        "produces" : [ "application/json" ],
        "parameters" : [ {
          "name" : "fid",
          "in" : "query",
          "description" : "",
          "type" : "string",
          "required" : true
        }, {
          "name" : "rid",
          "in" : "query",
          "description" : "",
          "type" : "string",
          "required" : true
        } ],
        "responses" : {
          "200" : {
            "description" : "a menu to be returned",
            "schema" : {
              "$ref" : "#/definitions/menu"
            }
          }
        }
      }
    }
  },
  "definitions" : {
    "menu_list" : {
      "type" : "object",
      "properties" : {
        "menus" : {
          "type" : "array",
          "items" : {
            "$ref" : "#/definitions/menus",
            "uniqueItems" : false
          }
        }
      }
    },
    "restaurantbyid" : {
      "type" : "object",
      "required" : [ "unit", "phone", "street", "name", "postal", "rid" ],
      "properties" : {
        "rid" : {
          "type" : "integer"
        },
        "name" : {
          "type" : "string"
        },
        "phone" : {
          "type" : "integer"
        },
        "street" : {
          "type" : "string"
        },
        "unit" : {
          "type" : "string"
        },
        "postal" : {
          "type" : "integer"
        }
      }
    },
    "restaurants" : {
      "type" : "object",
      "required" : [ "unit", "distance", "phone", "street", "name", "postal", "rid" ],
      "properties" : {
        "rid" : {
          "type" : "integer"
        },
        "name" : {
          "type" : "string"
        },
        "phone" : {
          "type" : "integer"
        },
        "street" : {
          "type" : "string"
        },
        "unit" : {
          "type" : "string"
        },
        "postal" : {
          "type" : "integer"
        },
        "distance" : {
          "type" : "integer"
        }
      }
    },
    "restaurants_list" : {
      "type" : "object",
      "properties" : {
        "restaurants" : {
          "type" : "array",
          "items" : {
            "$ref" : "#/definitions/restaurants",
            "uniqueItems" : false
          }
        }
      }
    },
    "menus" : {
      "type" : "object",
      "required" : [ "fid", "name", "rid", "unit_price", "category" ],
      "properties" : {
        "rid" : {
          "type" : "integer"
        },
        "fid" : {
          "type" : "integer"
        },
        "name" : {
          "type" : "string"
        },
        "unit_price" : {
          "type" : "number"
        },
        "category" : {
          "type" : "string"
        }
      }
    },
    "menu" : {
      "type" : "object",
      "required" : [ "fid", "name", "rid", "unit_price", "category" ],
      "properties" : {
        "rid" : {
          "type" : "integer"
        },
        "fid" : {
          "type" : "integer"
        },
        "name" : {
          "type" : "string"
        },
        "unit_price" : {
          "type" : "number"
        },
        "category" : {
          "type" : "string"
        }
      }
    }
  }
}