{
  "swagger" : "2.0",
  "info" : {
    "version" : "1.0",
    "title" : "Get order details by orderid",
    "description" : "Get order details by orderid"
  },
  "host" : "localhost:8080",
  "basePath" : "/",
  "schemes" : [ "http" ],
  "paths" : {
    "/orders" : {
      "post" : {
        "summary" : "",
        "description" : "",
        "operationId" : "post-orders",
        "consumes" : [ "application/json" ],
        "produces" : [ "application/json" ],
        "parameters" : [ {
          "name" : "body",
          "in" : "body",
          "description" : "",
          "schema" : {
            "$ref" : "#/definitions/add_order"
          },
          "required" : true
        } ],
        "responses" : {
          "200" : {
            "description" : "a add_order to be returned",
            "schema" : {
              "$ref" : "#/definitions/add_order"
            }
          }
        }
      }
    },
    "/orders/{orderid}" : {
      "get" : {
        "summary" : "",
        "description" : "",
        "operationId" : "get-orders",
        "consumes" : [ "application/json" ],
        "produces" : [ "application/json" ],
        "parameters" : [ {
          "name" : "orderid",
          "in" : "path",
          "description" : "",
          "type" : "string",
          "required" : true
        } ],
        "responses" : {
          "200" : {
            "description" : "a Order to be returned",
            "schema" : {
              "$ref" : "#/definitions/Order"
            }
          }
        }
      }
    }
  },
  "definitions" : {
    "Order" : {
      "type" : "object",
      "required" : [ "date", "paymentreceipt", "orderid", "username" ],
      "properties" : {
        "orderid" : {
          "type" : "integer"
        },
        "username" : {
          "type" : "string"
        },
        "date" : {
          "type" : "string",
          "format" : "date"
        },
        "paymentreceipt" : {
          "type" : "string"
        },
        "total_amount" : {
          "type" : "integer"
        }
      }
    },
    "add_order" : {
      "type" : "object",
      "required" : [ "date", "paymentreceipt", "orderid", "rid", "username", "status" ],
      "properties" : {
        "orderid" : {
          "type" : "integer"
        },
        "username" : {
          "type" : "string"
        },
        "rid" : {
          "type" : "integer"
        },
        "date" : {
          "type" : "string",
          "format" : "date"
        },
        "status" : {
          "type" : "string"
        },
        "paymentreceipt" : {
          "type" : "string"
        },
        "total_amount" : {
          "type" : "integer"
        }
      }
    }
  }
}