{
  "swagger" : "2.0",
  "info" : {
    "version" : "1.0",
    "title" : "validate login",
    "description" : "validate login"
  },
  "host" : "localhost:8083",
  "basePath" : "/",
  "schemes" : [ "http" ],
  "paths" : {
    "/login" : {
      "get" : {
        "summary" : "",
        "description" : "",
        "operationId" : "get-loginusernamepassword",
        "consumes" : [ "application/json" ],
        "produces" : [ "application/json" ],
        "parameters" : [ {
          "name" : "password",
          "in" : "query",
          "description" : "",
          "type" : "string",
          "required" : true
        }, {
          "name" : "username",
          "in" : "query",
          "description" : "",
          "type" : "string",
          "required" : true
        } ],
        "responses" : {
          "200" : {
            "description" : "a loginxsd to be returned",
            "schema" : {
              "$ref" : "#/definitions/loginxsd"
            }
          }
        }
      }
    },
    "/users" : {
      "get" : {
        "summary" : "",
        "description" : "",
        "operationId" : "get-usersusername",
        "consumes" : [ "application/json" ],
        "produces" : [ "application/json" ],
        "parameters" : [ {
          "name" : "username",
          "in" : "query",
          "description" : "",
          "type" : "string",
          "required" : true
        } ],
        "responses" : {
          "200" : {
            "description" : "a notification to be returned",
            "schema" : {
              "$ref" : "#/definitions/notification"
            }
          }
        }
      }
    }
  },
  "definitions" : {
    "loginxsd" : {
      "type" : "object",
      "required" : [ "status" ],
      "properties" : {
        "status" : {
          "type" : "integer"
        }
      }
    },
    "notification" : {
      "type" : "object",
      "required" : [ "name", "hpnumber", "telegramid", "email" ],
      "properties" : {
        "name" : {
          "type" : "string"
        },
        "telegramid" : {
          "type" : "integer"
        },
        "email" : {
          "type" : "string"
        },
        "hpnumber" : {
          "type" : "integer"
        }
      }
    }
  }
}